"Haunted message","Mensagem assombrada"
"Please enter less or equal than {0} symbols.","Por favor, insira no máximo {0} caracteres."
"The message must not exceed %1 characters.","A mensagem não pode exceder %1 caracteres."
"Tell us a special detail about this order: a birthday, delivery preferences, or a note for our team.","Conte um detalhe especial deste pedido: data de aniversário, preferência de entrega ou um recado para a nossa equipe."
"First Name","Primeiro Nome"
"Last Name","Sobrenome"
"Company","Empresa"
"Street Address","Endereço"
"%1: Line %2","%1: Linha %2"
"Country","País"
"State/Province","Estado/Província"
"City","Cidade"
"Zip/Postal Code","CEP"
"Phone Number","Telefone"
"Shipping Address","Endereço de Entrega"
"Shipping Methods","Métodos de Envio"
