"Add to Cart","Adquirir no Caldeirão"
"Shopping Cart","Cesta de Relíquias"
"My Cart","Minha Cesta"
"Sign In","Entrar no Covil"
"Search entire store here...","Procure o que assombra..."
"In stock","Presente na cripta"
"Add to Wish List","Guardar no Grimório"
"Proceed to Checkout","Selar o Pacto"
"The Noite Assombrada campaign runs until October 31.","A campanha Noite Assombrada vai até 31 de outubro"
"See the collection","Ver a coleção"
"Noite Assombrada: your %store_name order is confirmed","Noite Assombrada: seu pedido na %store_name está confirmado"
"The Haunted Night ends in %1","A Noite Assombrada termina em %1"
"day","dia"
"days","dias"
"hour","hora"
"hours","horas"
"minute","minuto"
"minutes","minutos"
"second","segundo"
"seconds","segundos"
"and","e"
"The campaign is over. The spirits rest... for now.","A campanha terminou. Os espíritos descansam... por enquanto."
"Haunted","Assombrado"
"Haunted Product","Produto Assombrado"
